peaks,surface_conditions,date,jday,state,surface_index,Date_new
40,"jefferson, adams, madison",dry,2009-09-20,263,NH,1,2009-09-20
84,adams,snow snow,2008-10-24,298,NH,0,2008-10-24
209,"madison, adams, jefferson, washington",snow ice snow ice,2009-02-16,47,NH,0,2009-02-16
256,"madison, adams, adams",ice snow ice snow,2009-03-15,74,NH,0,2009-03-15
266,"madison, adams",dry wet wet mud,2009-10-23,296,NH,0,2009-10-23
375,"adams, madison",wet wet mud,2009-11-15,319,NH,0,2009-11-15
377,"madison, adams, jefferson, clay, washington, monroe",wet wet,2009-11-15,319,NH,1,2009-11-15
385,"jefferson, adams",dry ice,2009-11-18,322,NH,0,2009-11-18
388,"madison, adams",dry ice,2009-11-18,322,NH,0,2009-11-18
556,"madison, adams, jefferson",snow snow snow ice snow ice snow ice,2009-12-19,353,NH,0,2009-12-19
604,"adams, madison",snow snow,2009-12-26,360,NH,0,2009-12-26
640,"madison, adams",snow ice snow ice,2009-12-31,365,NH,0,2009-12-31
743,"madison, adams",snow snow,2010-01-14,14,NH,0,2010-01-14
781,"madison, adams",snow ice snow snow ice,2010-01-17,17,NH,0,2010-01-17
782,"madison, adams, sam adams",snow snow snow snow snow ice,2010-01-17,17,NH,0,2010-01-17
815,"adams, madison",snow snow snow ice,2010-01-22,22,NH,0,2010-01-22
826,"madison, adams, jefferson",snow snow snow,2010-01-23,23,NH,0,2010-01-23
827,"madison, adams",snow snow snow ice,2010-01-23,23,NH,0,2010-01-23
828,"madison, adams",snow snow snow ice,2010-01-23,23,NH,0,2010-01-23
1031,"adams, madison",snow,2010-02-13,44,NH,0,2010-02-13
1116,"madison, adams",snow snow snow,2010-02-22,53,NH,0,2010-02-22
1191,"madison, adams",snow snow,2010-03-05,64,NH,0,2010-03-05
1242,adams,snow,2010-03-10,69,NH,0,2010-03-10
1248,adams,snow,2010-03-10,69,NH,0,2010-03-10
1353,"jefferson, adams",snow snow snow ice snow ice snow,2010-03-19,78,NH,0,2010-03-19
1373,"madison, adams",snow ice,2010-03-27,86,NH,0,2010-03-27
1430,adams,wet snow snow ice snow,2010-04-04,94,NH,0,2010-04-04
1557,adams,dry snow wet snow snow ice,2010-04-22,112,NH,0,2010-04-22
1579,"adams, madison",dry wet wet mud snow ice snow snow,2010-04-24,114,NH,0,2010-04-24
1585,"adams, madison",dry wet wet mud snow snow ice snow snow ice snow ice,2010-04-24,114,NH,0,2010-04-24
1640,"adams, madison",dry snow mud snow ice slush snow,2010-05-01,121,NH,0,2010-05-01
1837,adams,snow ice,2010-05-22,142,NH,0,2010-05-22
1913,"jefferson, adams, madison",dry wet wet snow snow ice,2010-05-30,150,NH,0,2010-05-30
1976,"madison, adams",dry wet mud,2010-06-09,160,NH,0,2010-06-09
2026,adams,dry wet wet mud,2010-06-15,166,NH,0,2010-06-15
2065,"jefferson, adams",dry wet mud,2010-06-19,170,NH,0,2010-06-19
2067,"madison, adams, jefferson, clay, washington, monroe, eisenhower, pierce, jackson, webster",dry wet mud,2010-06-19,170,NH,0,2010-06-19
2088,"madison, adams, jefferson",dry wet mud,2010-06-22,173,NH,0,2010-06-22
2090,"jefferson, adams",wet wet,2010-06-23,174,NH,1,2010-06-23
2125,"jefferson, adams",dry wet wet mud,2010-06-27,178,NH,0,2010-06-27
2172,"adams, madison",dry wet mud,2010-07-03,184,NH,0,2010-07-03
2245,"madison, adams",dry wet mud,2010-07-13,194,NH,0,2010-07-13
2284,"jefferson, adams, madison",dry wet mud,2010-07-18,199,NH,0,2010-07-18
2290,"adams, sam adams, john quincy adams, adams , adams",dry wet mud,2010-07-17,198,NH,0,2010-07-17
2292,john quincy adams,dry wet wet mud,2010-07-18,199,NH,0,2010-07-18
2342,"adams, madison",dry wet,2010-07-27,208,NH,1,2010-07-27
2357,"adams, madison",dry,2010-07-30,211,NH,1,2010-07-30
2381,adams,dry,2010-08-01,213,NH,1,2010-08-01
2387,"jefferson, adams",dry wet,2010-07-30,211,NH,1,2010-07-30
2453,"jefferson, adams",dry wet wet,2010-08-13,225,NH,1,2010-08-13
2477,"adams, jefferson",dry wet wet,2010-08-15,227,NH,1,2010-08-15
2478,"jefferson, adams",dry,2010-08-13,225,NH,1,2010-08-13
2487,adams,dry wet wet,2010-08-15,227,NH,1,2010-08-15
2514,"adams, jefferson",dry,2010-08-21,233,NH,1,2010-08-21
2515,"adams, madison",dry wet,2010-08-20,232,NH,1,2010-08-20
2522,adams,dry wet mud,2010-08-21,233,NH,0,2010-08-21
2658,"adams, adams",wet wet,2010-09-11,254,NH,1,2010-09-11
2684,"adams, sam adams, adams , adams",dry wet mud,2010-09-18,261,NH,0,2010-09-18
2686,"adams, madison",dry wet wet,2010-09-18,261,NH,1,2010-09-18
2690,"madison, adams, sam adams, adams , jefferson",dry,2010-09-18,261,NH,1,2010-09-18
2802,"madison, adams",dry wet wet,2010-10-05,278,NH,1,2010-10-05
2857,"adams, madison",wet wet mud,2010-10-12,285,NH,0,2010-10-12
3039,"adams, madison",dry ice wet snow ice wet snow snow ice snow,2010-11-02,306,NH,0,2010-11-02
3044,"jefferson, adams, madison",dry wet snow snow ice snow,2010-11-03,307,NH,0,2010-11-03
3056,"madison, john quincy adams, adams",wet wet snow ice snow,2010-11-06,310,NH,0,2010-11-06
3109,"jefferson, adams",dry wet wet snow ice snow,2010-11-13,317,NH,0,2010-11-13
3135,"adams, madison",dry wet wet snow ice snow,2010-11-14,318,NH,0,2010-11-14
3136,"madison, adams, jefferson",dry snow ice wet wet ice snow ice snow ice snow,2010-11-13,317,NH,0,2010-11-13
3147,"adams, madison",dry snow ice wet wet ice snow snow ice,2010-11-12,316,NH,0,2010-11-12
3420,john quincy adams,snow ice snow snow,2010-12-19,353,NH,0,2010-12-19
3459,"adams, madison",snow snow,2010-12-24,358,NH,0,2010-12-24
3645,adams,snow ice snow snow ice snow ice,2011-01-10,10,NH,0,2011-01-10
3758,adams,snow snow,2011-01-22,22,NH,0,2011-01-22
3776,adams,snow snow ice snow,2011-01-26,26,NH,0,2011-01-26
3843,"madison, adams",snow ice snow,2011-02-05,36,NH,0,2011-02-05
3942,"madison, adams, jefferson",snow snow snow,2011-02-16,47,NH,0,2011-02-16
3943,"adams, madison",snow snow ice snow ice snow ice,2011-02-16,47,NH,0,2011-02-16
4000,adams,snow snow snow,2011-02-22,53,NH,0,2011-02-22
4009,adams,snow snow snow snow ice,2011-02-23,54,NH,0,2011-02-23
4079,"adams, madison",snow snow ice,2011-03-04,63,NH,0,2011-03-04
4116,"madison, adams",snow ice ice snow ice,2011-03-08,67,NH,0,2011-03-08
4125,"jefferson, adams, madison",snow ice ice snow ice snow ice,2011-03-09,68,NH,0,2011-03-09
4131,"adams, madison",snow ice,2011-03-09,68,NH,0,2011-03-09
4175,"adams, madison",snow snow snow ice,2011-03-15,74,NH,0,2011-03-15
4199,"mansfield the chin, mansfield adams apple",snow snow snow ice snow,2011-03-17,76,VT,0,2011-03-17
4265,adams,snow ice snow ice,2011-03-23,82,NH,0,2011-03-23
4320,"adams, madison",snow snow snow ice snow ice,2011-03-30,89,NH,0,2011-03-30
4405,"madison, adams",snow ice snow,2011-04-09,99,NH,0,2011-04-09
4533,"jefferson, adams, madison",snow wet ice snow snow ice snow ice,2011-04-22,112,NH,0,2011-04-22
4550,"madison, adams, jefferson, washington, monroe, eisenhower, pierce",snow ice snow ice snow ice,2011-04-16,106,NH,0,2011-04-16
4566,"madison, adams, jefferson, clay, washington, monroe",dry wet snow snow ice snow ice slush snow,2011-04-25,115,NH,0,2011-04-25
4600,"adams, madison",snow ice snow ice snow ice,2011-04-30,120,NH,0,2011-04-30
4630,"madison, adams, jefferson",dry wet snow ice snow,2011-05-01,121,NH,0,2011-05-01
4642,"adams, madison",dry wet snow ice snow ice,2011-05-02,122,NH,0,2011-05-02
4725,adams,dry wet wet snow ice,2011-05-12,132,NH,0,2011-05-12
4832,"madison, adams",dry wet snow ice snow,2011-05-22,142,NH,0,2011-05-22
4912,"madison, adams",dry wet wet mud,2011-05-30,150,NH,0,2011-05-30
4973,"adams, madison",dry wet wet,2011-06-04,155,NH,1,2011-06-04
5001,adams,dry wet,2011-06-04,155,NH,1,2011-06-04
5085,"madison, adams, jefferson, monroe, eisenhower, pierce, jackson",dry wet wet,2011-06-19,170,NH,1,2011-06-19
5095,"madison, adams, jefferson, clay, washington, monroe, eisenhower, pierce, jackson",dry wet,2011-06-19,170,NH,1,2011-06-19
5138,adams,dry,2011-06-21,172,NH,1,2011-06-21
5182,"pierce, eisenhower, monroe, washington, clay, jefferson, adams, madison",dry wet,2011-06-27,178,NH,1,2011-06-27
5188,"adams, jefferson, washington, monroe",dry wet wet,2011-06-28,179,NH,1,2011-06-28
5222,"madison, adams, jefferson",dry wet wet,2011-07-02,183,NH,1,2011-07-02
5285,adams,dry wet,2011-07-06,187,NH,1,2011-07-06
5297,adams,dry wet,2011-07-09,190,NH,1,2011-07-09
5304,"madison, adams",dry,2011-07-10,191,NH,1,2011-07-10
5332,"madison, adams",dry,2011-07-11,192,NH,1,2011-07-11
5370,"madison, adams, jefferson, washington, monroe, eisenhower, pierce",dry,2011-07-16,197,NH,1,2011-07-16
5396,"adams, madison",dry,2011-07-19,200,NH,1,2011-07-19
5413,adams,dry,2011-07-23,204,NH,1,2011-07-23
5430,adams,dry,2011-07-23,204,NH,1,2011-07-23
5459,adams,dry,2011-07-23,204,NH,1,2011-07-23
5499,"madison, adams",dry,2011-07-31,212,NH,1,2011-07-31
5503,"adams, jefferson",dry wet,2011-07-31,212,NH,1,2011-07-31
5543,"adams, madison",dry,2011-08-05,217,NH,1,2011-08-05
5604,"jefferson, adams, madison",dry wet,2011-08-12,224,NH,1,2011-08-12
5624,adams,dry,2011-08-13,225,NH,1,2011-08-13
5626,"jefferson, sam adams, adams, madison",dry,2011-08-13,225,NH,1,2011-08-13
5678,"pierce, eisenhower, monroe, washington, clay, jefferson, adams, madison",dry wet wet,2011-08-20,232,NH,1,2011-08-20
5695,"adams, madison",dry wet,2011-08-20,232,NH,1,2011-08-20
5888,"madison, adams",dry wet wet,2011-09-10,253,NH,1,2011-09-10
5897,"jefferson, adams",dry,2011-09-10,253,NH,1,2011-09-10
5898,"adams, madison",dry wet,2011-09-10,253,NH,1,2011-09-10
5966,adams,dry wet wet,2011-09-17,260,NH,1,2011-09-17
6050,"jefferson, adams",dry,2011-09-28,271,NH,1,2011-09-28
6101,"madison, adams",dry,2011-10-08,281,NH,1,2011-10-08
6102,"madison, adams",dry,2011-10-08,281,NH,1,2011-10-08
6253,"madison, adams",wet wet snow,2011-10-23,296,NH,0,2011-10-23
6262,"madison, adams",wet wet mud snow,2011-10-23,296,NH,0,2011-10-23
6272,"jefferson, adams",wet wet snow,2011-10-23,296,NH,0,2011-10-23
6311,"madison, adams, jefferson",snow snow snow slush,2011-11-02,306,NH,0,2011-11-02
6382,"adams, madison",dry snow wet ice wet ice snow snow,2011-11-09,313,NH,0,2011-11-09
6513,"adams, madison",dry ice ice,2011-11-22,326,NH,0,2011-11-22
6563,"mansfield, the adams apple",wet slush,2011-11-26,330,VT,1,2011-11-26
6617,"adams, madison",ice snow,2011-12-03,337,NH,0,2011-12-03
6619,"adams, jefferson, madison",ice snow,2011-12-03,337,NH,0,2011-12-03
6621,"madison, adams, jefferson, clay, washington, monroe, franklin, eisenhower, pierce",ice ice snow,2011-12-03,337,NH,0,2011-12-03
6646,"madison, adams, jefferson, washington, monroe, eisenhower, pierce, jackson",dry ice ice snow,2011-12-04,338,NH,0,2011-12-04
6724,"madison, adams",snow ice ice wet snow,2011-12-12,346,NH,0,2011-12-12
7201,"madison, adams, sam adams",snow ice snow,2012-01-19,19,NH,0,2012-01-19
7228,"madison, adams",snow,2012-01-19,19,NH,0,2012-01-19
7243,"monroe, washington, jefferson, adams, madison",snow snow ice snow,2012-01-22,22,NH,0,2012-01-22
7248,"madison, adams, jefferson, washington, monroe, eisenhower, pierce, jackson",snow snow snow,2012-01-22,22,NH,0,2012-01-22
7272,"monroe, washington, jefferson, adams, monroe",ice snow ice,2012-01-26,26,NH,0,2012-01-26
7400,adams,snow ice ice snow ice,2012-02-05,36,NH,0,2012-02-05
7410,"madison, adams",snow snow ice,2012-02-05,36,NH,0,2012-02-05
7425,adams,snow snow ice snow ice,2012-02-08,39,NH,0,2012-02-08
7456,"adams, madison",snow ice snow ice,2012-02-10,41,NH,0,2012-02-10
7537,"adams, madison",snow snow ice,2012-02-16,47,NH,0,2012-02-16
7628,"madison, adams",snow ice,2012-02-21,52,NH,0,2012-02-21
7729,"adams, madison",snow snow snow snow ice,2012-03-02,62,NH,0,2012-03-02
7768,"jefferson, adams, madison",snow snow,2012-03-04,64,NH,0,2012-03-04
7837,"madison, adams, jefferson",snow snow ice snow snow ice,2012-03-11,71,NH,0,2012-03-11
7891,"adams, madison",snow wet snow ice wet snow snow snow ice slush snow snow ice snow,2012-03-15,75,NH,0,2012-03-15
7915,"adams, madison",snow ice snow ice snow ice,2012-03-17,77,NH,0,2012-03-17
7933,"adams, madison",dry snow wet ice snow ice mud slush snow ice snow,2012-03-17,77,NH,0,2012-03-17
7937,"madison, adams",wet snow slush snow ice snow,2012-03-18,78,NH,0,2012-03-18
7962,"monroe, washington, clay, jefferson, adams, madison",snow wet snow ice wet snow ice snow ice snow ice snow snow ice,2012-03-18,78,NH,0,2012-03-18
7967,adams,snow ice wet ice wet snow ice,2012-03-20,80,NH,0,2012-03-20
7978,"adams, madison",dry wet ice wet snow snow ice snow ice snow snow ice snow,2012-03-21,81,NH,0,2012-03-21
7982,adams,dry ice snow ice,2012-03-21,81,NH,0,2012-03-21
8026,"madison, adams, jefferson, washington, monroe, eisenhower, pierce",dry snow ice,2012-03-21,81,NH,0,2012-03-21
8056,"madison, adams",dry wet wet snow snow ice snow ice snow ice,2012-03-23,83,NH,0,2012-03-23
8309,"madison, adams",dry snow ice snow ice snow,2012-04-19,110,NH,0,2012-04-19
8314,"jefferson, adams, madison",dry ice snow,2012-04-19,110,NH,0,2012-04-19
8527,"washington, clay, jefferson, adams, madison",dry snow ice snow ice snow,2012-05-06,127,NH,0,2012-05-06
8586,adams,dry wet ice snow snow ice slush snow,2012-05-12,133,NH,0,2012-05-12
8613,"madison, adams, jefferson, washington, monroe, eisenhower, pierce, jackson",dry wet wet mud snow ice snow,2012-05-16,137,NH,0,2012-05-16
8634,"madison, adams",dry wet wet mud,2012-05-19,140,NH,0,2012-05-19
8636,adams,dry wet wet,2012-05-19,140,NH,1,2012-05-19
8720,"adams, madison",dry wet wet,2012-05-27,148,NH,1,2012-05-27
8722,"adams, sam adams",dry,2012-05-27,148,NH,1,2012-05-27
8730,"adams, madison",dry wet,2012-05-27,148,NH,1,2012-05-27
8790,adams,dry wet wet mud,2012-06-01,153,NH,0,2012-06-01
8859,"madison, adams",dry wet wet mud,2012-06-10,162,NH,0,2012-06-10
8867,"madison, adams, jefferson, monroe, eisenhower, pierce",dry wet,2012-06-10,162,NH,1,2012-06-10
8879,"jefferson, adams, madison",dry wet,2012-06-11,163,NH,1,2012-06-11
8909,"adams, madison",dry wet,2012-06-16,168,NH,1,2012-06-16
8920,"jefferson, adams, madison",dry wet,2012-06-16,168,NH,1,2012-06-16
8931,"madison, adams, jefferson, clay, washington, monroe, franklin, eisenhower, pierce",dry wet,2012-06-17,169,NH,1,2012-06-17
8940,"madison, adams, jefferson, clay, washington, monroe, franklin, eisenhower, pierce, jackson",dry wet,2012-06-18,170,NH,1,2012-06-18
8943,"madison, adams, jefferson, isolation",dry wet,2012-06-19,171,NH,1,2012-06-19
8948,"jq adams, sam adams, abigail adams",dry,2012-06-17,169,NH,1,2012-06-17
8993,"jefferson, adams, madison",dry wet mud,2012-06-24,176,NH,0,2012-06-24
9025,adams,dry wet wet mud,2012-06-29,181,NH,0,2012-06-29
9049,"adams, madison",dry wet,2012-06-30,182,NH,1,2012-06-30
9117,adams,,2012-07-07,189,NH,1,2012-07-07
9239,"adams, madison",dry,2012-07-20,202,NH,1,2012-07-20
9250,"madison, adams",dry,2012-07-21,203,NH,1,2012-07-21
9345,"adams, madison",dry,2012-08-01,214,NH,1,2012-08-01
9351,adams,dry wet,2012-08-02,215,NH,1,2012-08-02
9355,"madison, adams",dry,2012-08-03,216,NH,1,2012-08-03
9487,"adams, madison",dry wet wet,2012-08-17,230,NH,1,2012-08-17
9520,"madison, adams",dry wet,2012-08-19,232,NH,1,2012-08-19
9526,"madison, adams",dry,2012-08-19,232,NH,1,2012-08-19
9540,adams,dry wet,2012-08-21,234,NH,1,2012-08-21
9588,adams,dry,2012-08-25,238,NH,1,2012-08-25
9613,"adams, madison",dry wet,2012-08-27,240,NH,1,2012-08-27
9729,"madison, adams, jefferson, washington, monroe, franklin, eisenhower, pierce",dry ice,2012-09-11,255,NH,0,2012-09-11
9732,adams,dry wet,2012-09-12,256,NH,1,2012-09-12
9736,adams,dry wet wet,2012-09-13,257,NH,1,2012-09-13
9762,"adams, madison",dry wet wet,2012-09-15,259,NH,1,2012-09-15
9778,"adams, madison",dry wet wet,2012-09-15,259,NH,1,2012-09-15
9822,"adams, madison",dry wet,2012-09-22,266,NH,1,2012-09-22
9960,"madison, adams",dry wet wet mud,2012-10-06,280,NH,0,2012-10-06
10325,"madison, adams",dry ice wet wet ice snow ice snow ice snow,2012-11-15,320,NH,0,2012-11-15
10333,"madison, adams, jefferson",dry ice wet ice snow,2012-11-16,321,NH,0,2012-11-16
10364,"jefferson, adams, madison",dry ice snow ice snow,2012-11-17,322,NH,0,2012-11-17
10368,adams,dry ice wet,2012-11-18,323,NH,0,2012-11-18
10405,"adams, madison",ice,2012-11-20,325,NH,0,2012-11-20
10408,"adams, madison",dry wet ice,2012-11-20,325,NH,0,2012-11-20
10445,"adams, madison",dry ice wet snow,2012-11-23,328,NH,0,2012-11-23
10569,"adams, madison",dry ice wet snow ice snow ice snow,2012-12-06,341,NH,0,2012-12-06
10635,"madison, adams, jefferson, washington, monroe, eisenhower, pierce",snow ice ice ice snow,2012-12-12,347,NH,0,2012-12-12
10642,"jefferson, adams, madison",dry ice ice snow ice snow ice snow ice snow,2012-12-12,347,NH,0,2012-12-12
10810,"adams, madison",snow snow snow ice,2012-12-29,364,NH,0,2012-12-29
11211,"madison, adams, abigail adams",snow,2013-01-28,28,NH,0,2013-01-28
11224,"madison, adams, jefferson",snow snow ice,2013-01-29,29,NH,0,2013-01-29
11363,"madison, adams",snow ice snow ice snow snow ice,2013-02-10,41,NH,0,2013-02-10
11392,"madison, adams, jefferson",snow snow snow ice snow ice,2013-02-13,44,NH,0,2013-02-13
11395,sam adams,snow snow snow,2013-02-13,44,NH,0,2013-02-13
11403,"madison, adams",snow snow,2013-02-14,45,NH,0,2013-02-14
11417,"monroe, washington, jefferson, adams, madison",snow snow ice snow ice snow ice,2013-02-15,46,NH,0,2013-02-15
11424,"madison, adams",snow snow ice,2013-02-16,47,NH,0,2013-02-16
11432,"madison, adams",snow snow snow ice,2013-02-16,47,NH,0,2013-02-16
11520,"madison, adams",snow snow ice,2013-02-22,53,NH,0,2013-02-22
11527,"madison, adams",snow snow snow ice,2013-02-22,53,NH,0,2013-02-22
11530,adams,snow snow snow ice,2013-02-22,53,NH,0,2013-02-22
11606,"adams, madison",snow snow snow,2013-02-26,57,NH,0,2013-02-26
11693,adams,snow snow snow,2013-03-02,61,NH,0,2013-03-02
11721,"adams, madison",snow snow snow,2013-03-03,62,NH,0,2013-03-03
11744,"madison, john quincy adams, adams",snow snow snow,2013-03-05,64,NH,0,2013-03-05
11768,"madison, adams",snow snow,2013-03-07,66,NH,0,2013-03-07
11772,"madison, adams, jefferson",snow snow snow,2013-03-08,67,NH,0,2013-03-08
11789,"madison, adams, jefferson",snow snow snow,2013-03-09,68,NH,0,2013-03-09
11803,"jefferson, adams, madison",snow snow,2013-03-10,69,NH,0,2013-03-10
11820,"madison, adams, jefferson, washignton, monroe, eisenhower, pierce, jackson, webster",snow ice snow,2013-03-10,69,NH,0,2013-03-10
11891,"madison, adams",snow snow snow snow ice,2013-03-16,75,NH,0,2013-03-16
12031,"madison, adams, jefferson",snow snow ice snow,2013-03-27,86,NH,0,2013-03-27
12122,adams,snow snow,2013-03-30,89,NH,0,2013-03-30
12132,"madison, adams, jefferson, clay, washington",snow snow,2013-03-31,90,NH,0,2013-03-31
12206,"madison, adams, jefferson, washington, monroe, eisenhower, pierce",snow ice,2013-04-08,98,NH,0,2013-04-08
12296,adams,snow snow ice snow ice snow snow ice snow ice snow ice snow,2013-04-14,104,NH,0,2013-04-14
12299,"adams, madison",snow snow snow ice snow,2013-04-15,105,NH,0,2013-04-15
12317,"madison, adams, jefferson, clay, washington, monroe, franklin, eisenhower, pierce",snow ice ice snow snow ice slush,2013-04-17,107,NH,0,2013-04-17
12459,"jefferson, adams , adams, madison",dry snow wet snow snow ice snow ice snow snow ice snow,2013-04-27,117,NH,0,2013-04-27
12470,"monroe, washington, jefferson, adams, madison",dry snow wet ice snow ice snow ice snow ice,2013-04-28,118,NH,0,2013-04-28
12478,"madison, adams, jefferson",snow ice snow ice slush,2013-04-28,118,NH,0,2013-04-28
12480,"madison, adams, jefferson",dry snow wet,2013-04-28,118,NH,0,2013-04-28
12548,"adams, madison",dry snow snow ice snow ice snow snow ice,2013-05-03,123,NH,0,2013-05-03
12553,"madison, adams",dry wet snow ice snow ice snow,2013-05-04,124,NH,0,2013-05-04
12573,"madison, adams, jefferson",dry snow ice snow ice snow ice snow,2013-05-05,125,NH,0,2013-05-05
12612,"pierce, eisenhower, franklin, monroe, washington, jefferson, adams",dry wet snow mud snow ice slush snow snow ice snow,2013-05-06,126,NH,0,2013-05-06
12685,"madison, adams, jefferson, clay, washington, monroe, franklin, eisenhower, pierce",dry ice snow ice,2013-05-14,134,NH,0,2013-05-14
12837,adams,snow wet snow snow snow slush,2013-05-27,147,NH,0,2013-05-27
12889,"adams, sam adams",dry wet wet,2013-05-31,151,NH,1,2013-05-31
12963,"madison, adams, sam adams, jefferson, clay, washington, monroe, franklin, eisenhower, pierce, jackson, webster",dry wet wet,2013-06-06,157,NH,1,2013-06-06
13040,"adams, madison",dry wet wet mud,2013-06-15,166,NH,0,2013-06-15
13125,"madison, adams, jefferson, washington, monroe, eisenhower, pierce",dry,2013-06-21,172,NH,1,2013-06-21
13227,"madison, adams, jefferson, washington, monroe, franklin, eisenhower, pierce",dry wet wet mud,2013-07-04,185,NH,0,2013-07-04
13237,"adams, john quincy adams",dry wet wet mud,2013-07-05,186,NH,0,2013-07-05
13380,"washington, adams, jefferson",dry wet wet mud,2013-07-13,194,NH,0,2013-07-13
13385,"adams, madison",dry wet wet,2013-07-16,197,NH,1,2013-07-16
13424,"jefferson, adams, madison",dry,2013-07-21,202,NH,1,2013-07-21
13529,"jackson, pierce, eisenhower, franklin, monroe, washington, clay, jefferson, adams, madison",dry,2013-07-31,212,NH,1,2013-07-31
13584,"adams, madison",dry wet wet,2013-08-06,218,NH,1,2013-08-06
13692,"adams, madison",dry wet,2013-08-17,229,NH,1,2013-08-17
13706,"madison, adams",dry wet wet,2013-08-17,229,NH,1,2013-08-17
13929,adams,dry wet wet,2013-09-15,258,NH,1,2013-09-15
13968,adams,dry,2013-09-18,261,NH,1,2013-09-18
13980,"madison, adams",dry wet,2013-09-20,263,NH,1,2013-09-20
14040,"madison, adams",dry,2013-09-27,270,NH,1,2013-09-27
14194,"adams, madison",dry wet wet,2013-10-12,285,NH,1,2013-10-12
14203,"jefferson, adams",dry wet,2013-10-13,286,NH,1,2013-10-13
14215,adams,dry wet wet,2013-10-13,286,NH,1,2013-10-13
14381,"jefferson, adams, madison",dry wet wet,2013-11-02,306,NH,1,2013-11-02
14401,adams,dry ice wet wet snow,2013-11-03,307,NH,0,2013-11-03
14427,"jefferson, adams, madison",dry ice snow,2013-11-06,310,NH,0,2013-11-06
14548,adams,ice wet ice wet snow ice,2013-11-17,321,NH,0,2013-11-17
14591,"adams, madison",dry snow wet ice snow wet ice snow ice snow ice,2013-11-21,325,NH,0,2013-11-21
14642,adams,ice snow ice snow snow,2013-11-26,330,NH,0,2013-11-26
14671,"adams , sam adams",ice snow wet ice snow ice snow snow,2013-11-29,333,NH,0,2013-11-29
14724,"madison, adams, jefferson, clay, washington, monroe, franklin, eisenhower, pierce",snow ice snow ice snow ice,2013-12-01,335,NH,0,2013-12-01
14968,"adams, madison",snow ice snow,2013-12-29,363,NH,0,2013-12-29
14972,"jefferson, adams, madison",ice snow,2013-12-29,363,NH,0,2013-12-29
15058,adams,snow snow snow ice snow,2014-01-05,5,NH,0,2014-01-05
15087,adams,ice ice snow ice snow ice,2014-01-09,9,NH,0,2014-01-09
15166,"madison, adams",ice ice snow snow ice snow slush,2014-01-16,16,NH,0,2014-01-16
15195,"adams, madison",ice snow snow,2014-01-18,18,NH,0,2014-01-18
15363,"adams, madison",snow ice snow,2014-02-01,32,NH,0,2014-02-01
15486,"madison, adams",ice ice snow snow snow,2014-02-09,40,NH,0,2014-02-09
15493,"madison, adams, jefferson, washington, monroe, franklin, eisenhower, pierce, jackson",ice snow ice snow snow snow,2014-02-09,40,NH,0,2014-02-09
15497,adams,snow snow,2014-02-08,39,NH,0,2014-02-08
15523,adams,snow snow snow,2014-02-12,43,NH,0,2014-02-12
15525,"king ravine, adams",ice ice snow snow snow ice,2014-02-12,43,NH,0,2014-02-12
15617,adams,snow snow,2014-02-20,51,NH,0,2014-02-20
15621,"jefferson, adams , adams",ice snow snow snow ice snow,2014-02-20,51,NH,0,2014-02-20
15669,"madison, adams, jefferson, clay, washington, monroe, franklin, eisenhower, pierce",ice ice snow ice,2014-02-23,54,NH,0,2014-02-23
15696,"madison, adams, jefferson, washington",snow snow snow ice,2014-02-25,56,NH,0,2014-02-25
15745,"madison, adams, jefferson, washington, monroe, franklin, eisenhower, pierce, jackson",ice ice snow snow snow ice snow ice,2014-03-01,60,NH,0,2014-03-01
15781,"madison, adams",snow snow ice snow,2014-03-04,63,NH,0,2014-03-04
15787,adams,snow snow snow ice,2014-02-26,57,NH,0,2014-02-26
15797,"madison, adams",snow snow ice snow snow ice,2014-03-01,60,NH,0,2014-03-01
15804,adams,snow snow snow ice,2014-03-01,60,NH,0,2014-03-01
15819,"adams, madison",snow,2014-03-08,67,NH,0,2014-03-08
15835,"adams, madison",snow snow ice snow ice,2014-03-08,67,NH,0,2014-03-08
15866,"jefferson, adams, madison",snow,2014-03-09,68,NH,0,2014-03-09
15928,"madison, adams",snow snow ice snow snow,2014-03-15,74,NH,0,2014-03-15
15989,"madison, adams",snow,2014-03-19,78,NH,0,2014-03-19
15994,"madison, adams",snow snow snow,2014-03-20,79,NH,0,2014-03-20
16110,sam adams,snow snow snow,2014-04-01,91,NH,0,2014-04-01
16152,"madison, adams",snow snow,2014-04-05,95,NH,0,2014-04-05
16286,"jefferson, adams, madison",ice ice snow ice snow ice snow,2014-04-17,107,NH,0,2014-04-17
16332,adams,dry snow ice snow,2014-04-20,110,NH,0,2014-04-20
16599,"madison, adams",wet wet snow ice snow ice,2014-05-11,131,NH,0,2014-05-11
16636,"madison, adams",dry wet wet snow ice slush,2014-05-15,135,NH,0,2014-05-15
16685,"madison, adams, jefferson",dry wet ice wet snow,2014-05-18,138,NH,0,2014-05-18
16686,"madison, adams, jefferson, clay, washington",dry snow ice,2014-05-18,138,NH,0,2014-05-18
16873,adams,wet wet,2014-05-31,151,NH,1,2014-05-31
16894,"adams, madison",dry wet wet,2014-06-01,152,NH,1,2014-06-01
16922,"madison, adams, jefferson, washington, monroe, eisenhower, pierce",dry wet snow ice,2014-06-01,152,NH,0,2014-06-01
16935,"madison, adams",dry snow ice,2014-06-01,152,NH,0,2014-06-01
17001,adams,dry wet wet mud,2014-06-07,158,NH,0,2014-06-07
17002,"jefferson, adams, madison",dry wet wet snow ice,2014-06-07,158,NH,0,2014-06-07
17111,john quincy adams,dry,2014-06-15,166,NH,1,2014-06-15
17134,"adams, madison",dry wet,2014-06-19,170,NH,1,2014-06-19
17138,adams,dry wet wet,2014-06-19,170,NH,1,2014-06-19
17159,"adams, madison",dry,2014-06-21,172,NH,1,2014-06-21
17170,"adams, madison",dry,2014-06-21,172,NH,1,2014-06-21
17195,"pierce, eisenhower, monroe, jefferson, adams",wet wet,2014-06-21,172,NH,1,2014-06-21
17199,"madison, adams",dry wet,2014-06-22,173,NH,1,2014-06-22
17243,adams,dry wet wet,2014-06-27,178,NH,1,2014-06-27
17260,adams,dry wet,2014-06-28,179,NH,1,2014-06-28
17262,"madison, adams, jefferson, washington, monroe, franklin, eisenhower, pierce",dry wet,2014-06-28,179,NH,1,2014-06-28
17308,adams,dry wet wet mud,2014-06-29,180,NH,0,2014-06-29
17350,adams,dry wet wet,2014-07-06,187,NH,1,2014-07-06
17408,"adams, madison",dry wet wet,2014-07-11,192,NH,1,2014-07-11
17456,"pierce, eisenhower, monroe, jefferson, adams, madison",dry,2014-07-12,193,NH,1,2014-07-12
17480,"john quincy adams, adams, madison",dry wet wet,2014-07-18,199,NH,1,2014-07-18
17489,"adams, madison",dry,2014-07-18,199,NH,1,2014-07-18
17586,"jefferson, adams, madison",dry,2014-07-26,207,NH,1,2014-07-26
17606,adams,dry,2014-07-26,207,NH,1,2014-07-26
17745,"jefferson, adams, madison",dry wet,2014-08-09,221,NH,1,2014-08-09
17764,adams,dry wet,2014-08-09,221,NH,1,2014-08-09
17828,"madison, adams, jefferson",dry wet wet,2014-08-16,228,NH,1,2014-08-16
17876,"madison, adams",dry wet,2014-08-20,232,NH,1,2014-08-20
17886,"adams, madison",dry wet,2014-08-20,232,NH,1,2014-08-20
17896,adams,dry wet,2014-08-23,235,NH,1,2014-08-23
17914,"madison, adams",dry wet wet,2014-08-23,235,NH,1,2014-08-23
17931,"lowes bald spot, adams, madison",dry wet,2014-08-24,236,NH,1,2014-08-24
17972,adams,dry,2014-08-29,241,NH,1,2014-08-29
18064,adams,dry wet,2014-09-07,250,NH,1,2014-09-07
18122,"jefferson, adams, madison",dry,2014-09-14,257,NH,1,2014-09-14
18134,adams,wet,2014-09-14,257,NH,1,2014-09-14
18257,"adams, jefferson",dry wet,2014-09-27,270,NH,1,2014-09-27
18258,adams,dry wet,2014-09-26,269,NH,1,2014-09-26
18268,adams,dry,2014-09-28,271,NH,1,2014-09-28
18273,"jefferson, adams, madison",dry wet wet,2014-09-27,270,NH,1,2014-09-27
18309,"adams, madison",dry,2014-10-03,276,NH,1,2014-10-03
18407,"jefferson, sam adams",dry,2014-10-11,284,NH,1,2014-10-11
18435,"sam adams, adams",dry,2014-10-14,287,NH,1,2014-10-14
18567,"madison, adams",dry wet wet slush snow ice,2014-10-28,301,NH,0,2014-10-28
18604,"adams, madison",snow wet slush,2014-11-01,305,NH,0,2014-11-01
18648,adams,snow snow ice snow snow,2014-11-08,312,NH,0,2014-11-08
18722,adams,dry snow wet snow snow,2014-11-11,315,NH,0,2014-11-11
18735,"madison, adams, jefferson",dry snow wet ice ice,2014-11-13,317,NH,0,2014-11-13
18771,adams,ice snow ice ice snow,2014-11-15,319,NH,0,2014-11-15
18980,"madison, adams",ice snow ice snow snow,2014-12-05,339,NH,0,2014-12-05
19079,"madison, adams",snow,2014-12-14,348,NH,0,2014-12-14
19099,"madison, adams, jefferson",ice snow ice snow snow ice snow snow ice,2014-12-15,349,NH,0,2014-12-15
19102,"madison, adams, jefferson, clay, washington, monroe, franklin, eisenhower, pierce",snow snow snow,2014-12-15,349,NH,0,2014-12-15
19114,adams,snow snow ice snow snow ice,2014-12-15,349,NH,0,2014-12-15
19159,"adams, madison",snow snow,2014-12-20,354,NH,0,2014-12-20
19188,"adams, madison",snow,2014-12-22,356,NH,0,2014-12-22
19268,"madison, adams, jefferson, washington",snow ice,2014-12-27,361,NH,0,2014-12-27
19524,"adams, madison",ice snow snow snow,2015-01-14,14,NH,0,2015-01-14
19538,"adams, madison",ice snow snow snow,2015-01-15,15,NH,0,2015-01-15
19575,"madison, adams",ice snow snow,2015-01-17,17,NH,0,2015-01-17
19643,"jefferson, adams, madison",snow snow,2015-01-22,22,NH,0,2015-01-22
19649,"madison, adams, jefferson",snow snow ice,2015-01-21,21,NH,0,2015-01-21
19669,"madison, adams, durand scar",snow ice snow,2015-01-24,24,NH,0,2015-01-24
19693,"washington, jefferson, adamsmadison",snow snow snow snow ice snow ice,2015-01-24,24,NH,0,2015-01-24
19866,"madison, adams, jefferson, clay, washington, monroe, franklin, eisenhower, pierce",snow snow snow ice snow snow ice,2015-02-11,42,NH,0,2015-02-11
19913,"madison, adams",snow,2015-02-18,49,NH,0,2015-02-18
19982,"madison, adams",dry snow snow snow snow,2015-02-21,52,NH,0,2015-02-21
20051,"madison, adams, jefferson, washington, monroe, eisenhower, pierce",dry ice ice snow ice snow ice,2015-02-28,59,NH,0,2015-02-28
20073,"madison, adams, jefferson, washington, monroe, little monroe, eisenhower, pierce",snow snow snow ice,2015-03-01,60,NH,0,2015-03-01
20097,"adams, madison",snow snow,2015-03-01,60,NH,0,2015-03-01
20178,"madison, adams",snow ice snow ice,2015-03-08,67,NH,0,2015-03-08
20223,"madison, adams, jefferson",ice snow ice snow snow snow ice snow snow,2015-03-10,69,NH,0,2015-03-10
20234,"madison, adams",snow snow snow,2015-03-10,69,NH,0,2015-03-10
20271,"jefferson, adams, madison",ice snow snow snow ice snow snow ice,2015-03-13,72,NH,0,2015-03-13
20384,"jefferson, adams, madison",ice snow snow snow ice snow,2015-03-21,80,NH,0,2015-03-21
20410,adams,snow snow,2015-03-24,83,NH,0,2015-03-24
20475,"madison, adams",ice snow snow ice,2015-03-29,88,NH,0,2015-03-29
20483,"adams, madison",ice snow snow snow snow ice snow ice,2015-03-29,88,NH,0,2015-03-29
20662,"madison, adams",dry snow ice,2015-04-16,106,NH,0,2015-04-16
20698,"madison, john quincy adams, adams",wet ice snow snow snow ice snow ice snow snow,2015-04-19,109,NH,0,2015-04-19
20702,"madison, adams",ice wet wet snow ice snow ice snow ice snow snow ice,2015-04-19,109,NH,0,2015-04-19
20704,"jefferson, adams, madison",snow snow,2015-04-19,109,NH,0,2015-04-19
20705,"adams, madison",snow wet ice snow ice snow snow ice snow snow ice slush snow ice,2015-04-19,109,NH,0,2015-04-19
20708,"adams, madison",wet snow ice snow ice snow snow ice,2015-04-19,109,NH,0,2015-04-19
20784,"madison, adams",dry snow snow snow snow ice snow snow ice snow ice,2015-04-26,116,NH,0,2015-04-26
20836,adams,dry wet snow snow snow ice mud slush,2015-04-29,119,NH,0,2015-04-29
20873,"madison, adams",snow ice snow snow ice snow slush,2015-05-02,122,NH,0,2015-05-02
20906,"madison, john quincy adams, adams",dry snow wet snow ice snow snow ice slush,2015-05-03,123,NH,0,2015-05-03
20937,adams,wet,2015-05-02,122,NH,1,2015-05-02
21036,"madison, adams",dry ice snow wet wet snow ice mud snow ice snow snow ice,2015-05-08,128,NH,0,2015-05-08
21065,adams,dry ice wet wet snow ice,2015-05-14,134,NH,0,2015-05-14
21085,"madison, adams",dry wet wet snow ice,2015-05-15,135,NH,0,2015-05-15
21155,"madison, adams",dry wet wet snow ice snow ice,2015-05-17,137,NH,0,2015-05-17
21180,"jefferson, adams",dry wet wet ice mud snow snow ice,2015-05-18,138,NH,0,2015-05-18
21206,"madison, adams",dry snow ice,2015-05-21,141,NH,0,2015-05-21
21211,adams,dry wet snow wet snow snow ice,2015-05-21,141,NH,0,2015-05-21
21342,adams,dry wet,2015-05-26,146,NH,1,2015-05-26
21352,"madison, adams",dry snow ice slush snow ice,2015-05-26,146,NH,0,2015-05-26
21458,"madison, adams",dry wet wet snow ice,2015-06-04,155,NH,0,2015-06-04
21468,"madison, adams",dry wet wet,2015-06-06,157,NH,1,2015-06-06
21483,"jackson, pierce, eisenhower, monroe, isolation, washington, jefferson, adams, madison",dry wet snow ice,2015-06-06,157,NH,0,2015-06-06
21525,adams,dry wet slush,2015-06-07,158,NH,1,2015-06-07
21618,"jefferson, adams",dry,2015-06-17,168,NH,1,2015-06-17
21640,"jefferson, adams, emerald bluff",dry wet wet,2015-06-18,169,NH,1,2015-06-18
21901,"sam adams, madison",dry,2015-07-07,188,NH,1,2015-07-07
21957,"madison, adams",dry,2015-07-11,192,NH,1,2015-07-11
21972,"jefferson, adams",dry wet,2015-07-11,192,NH,1,2015-07-11
22025,"adams, madison",dry wet wet,2015-07-16,197,NH,1,2015-07-16
22146,"adams, madison",dry wet wet,2015-07-25,206,NH,1,2015-07-25
22236,"madison, adams",dry,2015-07-31,212,NH,1,2015-07-31
22407,"madison, adams, jefferson, clay, washington, monroe, franklin, eisenhower, pierce, jackson, webster",dry wet wet mud,2015-08-14,226,NH,0,2015-08-14
22533,"adams, madison",dry,2015-08-29,241,NH,1,2015-08-29
22539,"jefferson, adams",dry,2015-08-29,241,NH,1,2015-08-29
22590,"madison, adams",dry,2015-09-04,247,NH,1,2015-09-04
22817,"adams, madison",dry,2015-09-26,269,NH,1,2015-09-26
22906,adams,dry wet,2015-10-08,281,NH,1,2015-10-08
22976,adams,dry,2015-10-12,285,NH,1,2015-10-12
23250,"madison, adams",dry snow,2015-11-10,314,NH,0,2015-11-10
23377,"adams, madison",dry ice wet wet,2015-11-21,325,NH,0,2015-11-21
23595,"jefferson, adams, madison",dry snow snow snow snow,2015-12-06,340,NH,0,2015-12-06
23625,"jefferson, adams, madsion",ice wet ice snow wet snow snow ice,2015-12-08,342,NH,0,2015-12-08
23658,"madison, adams",snow ice,2015-12-12,346,NH,0,2015-12-12
23721,"madison, adams",ice wet wet snow ice,2015-12-16,350,NH,0,2015-12-16
24026,"madison, adams, jefferson",snow snow snow ice snow,2016-01-07,7,NH,0,2016-01-07
24039,"madison, adams, jefferson, clay, washington, monroe, eisenhower, pierce",snow snow ice snow snow ice,2016-01-08,8,NH,0,2016-01-08
24052,"madison, adams, jefferson, clay, washington, monroe, franklin, eisenhower, pierce",ice snow ice snow snow snow,2016-01-08,8,NH,0,2016-01-08
24115,"adams, madison",ice snow snow,2016-01-15,15,NH,0,2016-01-15
24139,"madison, adams",ice ice snow snow,2016-01-17,17,NH,0,2016-01-17
24179,"jefferson, adams, madison",ice snow snow snow,2016-01-07,7,NH,0,2016-01-07
24229,adams,snow ice snow snow snow ice snow snow ice,2016-01-23,23,NH,0,2016-01-23
24244,"adams, madison",snow snow snow ice,2016-01-23,23,NH,0,2016-01-23
24266,"madison, adams, jefferson, washington, monroe, eisenhower, pierce",snow snow ice snow,2016-01-24,24,NH,0,2016-01-24
24617,"madison, adams",snow wet ice ice,2016-02-18,49,NH,0,2016-02-18
24627,"adams, madison",ice ice snow,2016-02-19,50,NH,0,2016-02-19
24637,"madison, adams, jefferson, clay, washington, monroe, eisenhower, pierce",ice ice snow snow ice snow,2016-02-19,50,NH,0,2016-02-19
24638,"jefferson, adams, madison",snow ice snow snow ice,2016-02-19,50,NH,0,2016-02-19
24641,"madison, adams, jefferson",ice ice ice snow ice,2016-02-19,50,NH,0,2016-02-19
24710,adams,wet ice snow snow ice,2016-02-21,52,NH,0,2016-02-21
24802,"jefferson, adams",snow ice snow snow ice,2016-02-27,58,NH,0,2016-02-27
24869,adams,ice snow snow ice snow,2016-03-03,63,NH,0,2016-03-03
24943,"madison, adams",snow ice snow,2016-03-06,66,NH,0,2016-03-06
24977,"madison, adams, jefferson, washington, monroe, eisenhower, pierce",snow snow snow ice,2016-03-05,65,NH,0,2016-03-05
25040,"adams, madison",dry ice ice wet snow ice,2016-03-12,72,NH,0,2016-03-12
25106,"jefferson, adams, madison",wet snow ice slush,2016-03-16,76,NH,0,2016-03-16
25169,adams,dry ice snow,2016-03-19,79,NH,0,2016-03-19
25512,"adams, madison",dry ice ice,2016-04-14,105,NH,0,2016-04-14
25529,"madison, adams, jefferson, washington, monroe, eisenhower, pierce",wet ice ice snow ice snow slush,2016-04-14,105,NH,0,2016-04-14
25607,"madison, adams",ice wet ice,2016-04-17,108,NH,0,2016-04-17
25614,adams,dry ice wet slush snow ice,2016-04-17,108,NH,0,2016-04-17
25631,"madison, adams, jefferson, clay, washington, monroe, eisenhower, pierce",dry wet ice snow ice slush,2016-04-17,108,NH,0,2016-04-17
25632,"madison, adams, jefferson, washington, monroe, eisenhower, pierce",ice wet ice wet snow ice snow slush,2016-04-17,108,NH,0,2016-04-17
25638,adams,dry wet ice snow ice snow,2016-04-17,108,NH,0,2016-04-17
25753,"adams, madison",dry ice ice snow ice snow ice snow ice,2016-04-24,115,NH,0,2016-04-24
25871,"madison, adams, jefferson, washington",dry wet ice ice snow ice slush snow ice,2016-04-30,121,NH,0,2016-04-30
25906,adams,dry ice ice snow,2016-05-01,122,NH,0,2016-05-01
26092,"madison, adams, jefferson, washington, monroe",dry wet slush snow ice,2016-05-12,133,NH,0,2016-05-12
26099,"madison, adams",dry wet ice snow ice,2016-05-13,134,NH,0,2016-05-13
26161,"madison, adams, clay, washington, monroe",dry ice wet wet snow ice,2016-05-14,135,NH,0,2016-05-14
26201,"madison, adams",dry wet ice wet snow ice,2016-05-18,139,NH,0,2016-05-18
26269,"madison, adams",dry wet ice snow ice,2016-05-21,142,NH,0,2016-05-21
26298,adams,dry snow ice,2016-05-22,143,NH,0,2016-05-22
26342,john quincy adams,dry wet wet,2016-05-26,147,NH,1,2016-05-26
26398,"jefferson, adams, madison",dry wet wet,2016-05-28,149,NH,1,2016-05-28
26420,"adams, madison",dry wet wet,2016-05-29,150,NH,1,2016-05-29
26464,adams,dry,2016-06-01,153,NH,1,2016-06-01
26480,adams,dry wet wet,2016-06-02,154,NH,1,2016-06-02
26482,"madison, adams, washington, monroe, franklin, eisenhower, pierce",dry wet,2016-06-04,156,NH,1,2016-06-04
26490,"adams, madison",dry wet wet,2016-06-04,156,NH,1,2016-06-04
26634,adams,wet wet mud,2016-06-11,163,NH,0,2016-06-11
26668,"madison, adams, jefferson, washington, monroe, franklin, eisenhower, pierce, jackson",dry wet,2016-06-16,168,NH,1,2016-06-16
26703,"madison, adams, jefferson, clay, washington, isolation, monroe, franklin, eisenhower, pierce",dry,2016-06-18,170,NH,1,2016-06-18
26727,"madison, adams, jefferson, clay, washington, monroe, franklin, eisenhower, pierce",dry,2016-06-18,170,NH,1,2016-06-18
26900,adams,dry wet wet,2016-07-02,184,NH,1,2016-07-02
27118,"adams, madison",dry wet wet,2016-07-20,202,NH,1,2016-07-20
27124,"adams, madison",dry wet wet,2016-07-21,203,NH,1,2016-07-21
27163,adams,dry wet wet mud,2016-07-24,206,NH,0,2016-07-24
27309,"abigail adams, sam adams, adams , adams, john quincy adams, madison",dry,2016-08-03,216,NH,1,2016-08-03
27499,"washington, clay, jefferson, adams, madison",wet wet mud,2016-08-20,233,NH,0,2016-08-20
27548,"adams, madison",dry,2016-08-24,237,NH,1,2016-08-24
27551,"madison, adams, jefferson, washington, monroe, eisenhower, pierce",dry,2016-08-21,234,NH,1,2016-08-21
27622,"madison, adams, jefferson, washington, monroe, franklin",dry wet,2016-08-19,232,NH,1,2016-08-19
27654,"adams, madison",dry,2016-09-04,248,NH,1,2016-09-04
27697,"jefferson, adams",dry,2016-09-03,247,NH,1,2016-09-03
27755,adams,dry wet mud,2016-09-12,256,NH,0,2016-09-12
27800,"adams, madison",dry,2016-09-16,260,NH,1,2016-09-16
27811,"madison, adams, jefferson",dry wet,2016-09-17,261,NH,1,2016-09-17
27812,adams,dry wet,2016-09-16,260,NH,1,2016-09-16
27968,"jefferson, adams",dry wet,2016-10-06,280,NH,1,2016-10-06
28213,"madison, adams, jefferson, washington, monroe, eisenhower, pierce, jackson",dry ice snow wet snow wet ice snow snow ice snow snow snow snow ice slush snow ice,2016-11-01,306,NH,0,2016-11-01
28296,"madison, adams, jefferson, washington",dry ice snow snow snow,2016-11-07,312,NH,0,2016-11-07
28313,adams,dry ice wet ice wet snow ice,2016-11-10,315,NH,0,2016-11-10
28461,"adams, madison",dry wet snow ice snow ice,2016-11-19,324,NH,0,2016-11-19
28465,"adams, madison",dry ice snow wet wet snow ice,2016-11-19,324,NH,0,2016-11-19
28497,adams,wet,2016-11-19,324,NH,1,2016-11-19
28556,adams,snow wet wet,2016-11-26,331,NH,0,2016-11-26
28677,"adams, madison",ice snow,2016-12-06,341,NH,0,2016-12-06
28844,"monroe, washington, jefferson, adams, madison",snow snow ice snow ice,2016-12-20,355,NH,0,2016-12-20
28975,adams,snow snow ice,2016-12-27,362,NH,0,2016-12-27
29063,"jefferson, adams, madison",ice snow ice snow snow ice snow snow ice,2017-01-02,2,NH,0,2017-01-02
29085,"madison, adams",ice snow snow snow ice snow snow ice,2017-01-02,2,NH,0,2017-01-02
29090,abigail adams,snow,2017-01-02,2,NH,0,2017-01-02
29142,"madison, adams, jefferson, washington",snow snow ice snow snow ice,2017-01-07,7,NH,0,2017-01-07
29298,"madison, adams",ice ice snow snow ice,2017-01-14,14,NH,0,2017-01-14
29316,"madison, adams",ice snow ice,2017-01-16,16,NH,0,2017-01-16
29373,"jefferson, adams, madison",snow ice snow snow ice,2017-01-21,21,NH,0,2017-01-21
29608,adams,snow ice snow snow snow ice,2017-02-09,40,NH,0,2017-02-09
29619,"madison, adams",snow ice snow,2017-02-11,42,NH,0,2017-02-11
29702,"adams, madison",snow snow ice snow snow ice,2017-02-18,49,NH,0,2017-02-18
29718,"abigail adams, adams",snow ice,2017-02-19,50,NH,0,2017-02-19
29737,"adams , madison",snow ice snow snow ice snow ice,2017-02-18,49,NH,0,2017-02-18
29753,"madison, adams",snow snow ice,2017-02-20,51,NH,0,2017-02-20
29776,adams,ice snow ice,2017-02-21,52,NH,0,2017-02-21
29790,"madison, adams, jefferson, washington, monroe",snow ice snow ice snow snow snow ice,2017-02-22,53,NH,0,2017-02-22
29793,adams,ice snow ice snow ice,2017-02-22,53,NH,0,2017-02-22
29955,"adams, madison",snow ice,2017-03-06,65,NH,0,2017-03-06
29974,adams,ice wet ice snow ice snow ice snow ice snow snow snow ice slush,2017-03-08,67,NH,0,2017-03-08
30044,"madison, adams, jefferson, washington, monroe",ice ice ice snow ice snow snow ice snow ice,2017-03-13,72,NH,0,2017-03-13
30084,adams,snow,2017-03-18,77,NH,0,2017-03-18
30110,"adams, madison",ice snow snow snow ice snow,2017-03-18,77,NH,0,2017-03-18
30207,"madison, adams, jefferson, washington, monroe, eisenhower",snow snow ice snow snow ice,2017-03-25,84,NH,0,2017-03-25
30208,"madison, adams",snow,2017-03-26,85,NH,0,2017-03-26
30259,"jefferson , adams",snow ice,2017-03-30,89,NH,0,2017-03-30
30431,"northfield south peak, adams, rice",dry snow wet snow ice snow,2017-04-14,104,VT,0,2017-04-14
30472,"madison, adams, jefferson, washington, monroe",dry snow snow,2017-04-15,105,NH,0,2017-04-15
30622,"adams, madison",dry wet ice snow wet snow ice snow ice,2017-04-24,114,NH,0,2017-04-24
30875,"adams, madison",dry wet wet slush snow ice,2017-05-12,132,NH,0,2017-05-12
30977,adams,dry wet wet,2017-05-19,139,NH,1,2017-05-19
31001,adams,wet wet,2017-05-20,140,NH,1,2017-05-20
31008,"adams, madison",dry wet wet snow snow ice snow ice,2017-05-20,140,NH,0,2017-05-20
31143,"jefferson, adams, madison",dry wet wet snow ice,2017-05-27,147,NH,0,2017-05-27
31148,"adams, madison",dry wet wet mud snow ice,2017-05-27,147,MA,0,2017-05-27
31327,adams,dry wet wet,2017-06-04,155,NH,1,2017-06-04
31439,"jefferson, adams, madison",dry wet wet,2017-06-11,162,NH,1,2017-06-11
31541,"madison, quincy adams, adams, abigail adams",dry wet wet,2017-06-21,172,NH,1,2017-06-21
31556,adams,dry wet,2017-06-22,173,NH,1,2017-06-22
31560,"adams, madison",dry wet wet,2017-06-22,173,NH,1,2017-06-22
31735,"abigail adams , adams",dry wet,2017-07-03,184,NH,1,2017-07-03
31800,adams,dry wet wet,2017-07-10,191,NH,1,2017-07-10
31810,"madison, adams",dry wet wet,2017-07-12,193,NH,1,2017-07-12
31842,"adams, madison",dry,2017-07-16,197,NH,1,2017-07-16
31916,"adams, madison",dry,2017-07-22,203,NH,1,2017-07-22
31946,"madison, adams, jefferson, clay, washington, monroe, eisenhower, pierce",dry wet wet,2017-07-22,203,NH,1,2017-07-22
32031,"adams, madison",dry wet,2017-08-01,213,NH,1,2017-08-01
32110,"jefferson, adams, madison",dry wet wet,2017-08-10,222,NH,1,2017-08-10
32165,"madison, adams, jefferson, washington",dry wet wet,2017-08-14,226,NH,1,2017-08-14
32302,adams,dry,2017-08-26,238,NH,1,2017-08-26
32312,"adams, madison",dry,2017-08-28,240,NH,1,2017-08-28
32493,"madison, adams, sam adams",dry wet,2017-09-16,259,NH,1,2017-09-16
32512,"isolation, pierce, eisenhower, monroe, washington, clay, jefferson, adams, mt madison",wet mud,2017-09-16,259,NH,0,2017-09-16
32535,"madison, adams",dry wet wet,2017-09-21,264,NH,1,2017-09-21
32554,"john quincy adams, madison",dry,2017-09-23,266,NH,1,2017-09-23
32559,"jefferson, adams",dry,2017-09-23,266,NH,1,2017-09-23
32613,adams,dry,2017-09-29,272,NH,1,2017-09-29
32783,"adams, madison",dry,2017-10-19,292,NH,1,2017-10-19
32917,"adams, madison",wet wet mud slush,2017-11-01,305,NH,0,2017-11-01
33067,"madison, adams",dry ice wet wet,2017-11-08,312,NH,0,2017-11-08
33086,"adams, madison",wet wet,2017-11-07,311,NH,1,2017-11-07
33154,adams,ice snow ice snow,2017-11-11,315,NH,0,2017-11-11
33196,"madison, adams, jefferson",snow ice,2017-11-15,319,NH,0,2017-11-15
33278,adams,dry snow snow snow slush,2017-11-23,327,NH,0,2017-11-23
33432,adams,ice snow snow,2017-12-02,336,NH,0,2017-12-02
34223,"madison, adams",snow snow ice snow ice,2018-01-27,27,NH,0,2018-01-27
34269,"madison, adams, jefferson",dry snow ice snow ice snow ice,2018-01-27,27,NH,0,2018-01-27
34271,"madison, adams",ice ice snow,2018-01-27,27,NH,0,2018-01-27
34275,adams,snow ice,2018-01-14,14,NH,0,2018-01-14
34374,adams,snow snow ice snow ice,2018-02-03,34,NH,0,2018-02-03
34478,"madison, adams",snow snow ice snow snow ice snow snow ice snow snow ice slush snow ice,2018-02-11,42,NH,0,2018-02-11
34548,"madison, adams",ice snow,2018-02-17,48,NH,0,2018-02-17
34591,adams,ice snow ice snow ice,2018-02-17,48,NH,0,2018-02-17
34594,"jefferson, adams, madison",ice snow snow ice snow ice,2018-02-17,48,NH,0,2018-02-17
34815,"adams, madison",ice ice ice snow ice snow ice snow,2018-02-28,59,NH,0,2018-02-28
34867,"madison, adams, jefferson, washington, monroe, eisenhower, pierce, jackson",ice wet ice snow snow ice snow snow ice snow snow ice slush,2018-03-03,62,NH,0,2018-03-03
34911,adams,ice snow snow snow ice slush,2018-03-04,63,NH,0,2018-03-04
34942,"adams, madison",snow snow snow,2018-03-06,65,NH,0,2018-03-06
35037,adams,snow snow snow snow ice,2018-03-12,71,NH,0,2018-03-12
35166,"adams, madison",snow,2018-03-21,80,NH,0,2018-03-21
35172,"madison, adams, jefferson, clay, washington, monroe, franklin, eisenhower, pierce",snow snow snow,2018-03-21,80,NH,0,2018-03-21
35449,"madison, adams",ice snow snow snow ice,2018-04-08,98,NH,0,2018-04-08
35662,adams,snow snow ice snow snow snow,2018-04-23,113,NH,0,2018-04-23
35663,adams,snow snow ice snow snow ice snow,2018-04-21,111,NH,0,2018-04-21
35666,"madison, adams",snow snow snow snow snow,2018-04-22,112,NH,0,2018-04-22
35838,adams,wet ice wet snow ice snow ice snow ice snow ice,2018-05-02,122,NH,0,2018-05-02
35986,"madison, adams",dry wet wet ice snow ice snow ice,2018-05-09,129,NH,0,2018-05-09
36014,"madison, adams",dry snow ice snow ice snow ice slush snow ice,2018-05-12,132,NH,0,2018-05-12
36110,"jefferson, adams, madison",dry wet wet ice snow ice snow ice snow snow ice,2018-05-16,136,NH,0,2018-05-16
36125,"abigail adams, adams",dry wet snow ice,2018-05-18,138,NH,0,2018-05-18
36156,adams,wet mud snow ice snow,2018-05-19,139,NH,0,2018-05-19
36168,adams,dry wet wet snow ice mud snow ice snow ice,2018-05-19,139,NH,0,2018-05-19
36170,"madison, adams, jefferson, clay, washington, monroe, franklin, eisenhower, pierce",dry wet wet,2018-05-18,138,NH,1,2018-05-18
36310,"adams, madison",dry wet snow ice,2018-05-27,147,NH,0,2018-05-27
36466,adams,dry wet wet snow ice,2018-06-03,154,NH,0,2018-06-03
36482,"adams, madison",dry,2018-06-03,154,NH,1,2018-06-03
36483,adams,dry wet,2018-06-03,154,NH,1,2018-06-03
36485,"adams, jefferson",dry wet wet,2018-06-03,154,NH,1,2018-06-03
36502,"madison, adams",dry,2018-06-03,154,NH,1,2018-06-03
36550,"adams, madison",dry wet,2018-06-09,160,NH,1,2018-06-09
36597,adams,dry wet,2018-06-10,161,NH,1,2018-06-10
36605,"jefferson, adams",dry wet,2018-06-10,161,NH,1,2018-06-10
36693,"jefferson, adams, madison",dry wet snow,2018-06-16,167,NH,0,2018-06-16
36727,"adams, madison",wet,2018-06-15,166,NH,1,2018-06-15
36744,"madison, adams, john quincy adams, adams , jefferson",dry wet snow,2018-06-17,168,NH,0,2018-06-17
36778,"adams, madison",dry,2018-06-22,173,NH,1,2018-06-22
36799,"madison, adams, jefferson, clay, washington, monroe, franklin, eisenhower, pierce",dry wet,2018-06-22,173,NH,1,2018-06-22
36852,"adams, jefferson",dry,2018-06-27,178,NH,1,2018-06-27
36954,"madison, adams",dry,2018-07-08,189,NH,1,2018-07-08
36958,"madison, adams, jefferson, clay, washington, monroe, franklin, eisenhower, pierce, jackson",dry wet,2018-07-07,188,NH,1,2018-07-07
36992,"adams, madison",dry,2018-07-11,192,NH,1,2018-07-11
36997,"adams, madison",dry,2018-07-12,193,NH,1,2018-07-12
37081,"adams, madison",dry wet wet,2018-07-19,200,NH,1,2018-07-19
37131,"madison, adams",dry wet,2018-07-21,202,NH,1,2018-07-21
37247,adamsm abigail adams,wet wet mud,2018-08-05,217,NH,0,2018-08-05
37249,"adams, madison",dry wet wet mud,2018-08-05,217,NH,0,2018-08-05
37305,adams,dry wet wet,2018-08-12,224,NH,1,2018-08-12
37375,"jefferson, adams, abagail adams",dry,2018-08-19,231,NH,1,2018-08-19
37427,"jefferson, adams, madison",dry,2018-08-24,236,NH,1,2018-08-24
37433,adams,dry wet,2018-08-25,237,NH,1,2018-08-25
37444,adams,dry wet wet,2018-08-25,237,NH,1,2018-08-25
37614,"abigail adams, sam adams, adams, madison",dry wet,2018-09-08,251,NH,1,2018-09-08
37622,"jefferson, adams",dry,2018-09-08,251,NH,1,2018-09-08
37671,"jefferson, adams",dry,2018-09-14,257,NH,1,2018-09-14
37672,"jefferson, adams",dry,2018-09-15,258,NH,1,2018-09-15
37673,"adams, madison",dry wet,2018-09-15,258,NH,1,2018-09-15
37703,adams,dry wet,2018-09-04,247,NH,1,2018-09-04
37771,"jefferson, adams",dry,2018-09-23,266,NH,1,2018-09-23
37890,adams,dry wet wet,2018-10-05,278,NH,1,2018-10-05
38008,"jefferson, adams, madison",dry ice snow wet wet snow ice,2018-10-20,293,NH,0,2018-10-20
38466,"madison, adams",snow ice snow ice,2018-11-24,328,NH,0,2018-11-24
38468,adams,snow snow snow snow ice,2018-11-24,328,NH,0,2018-11-24
38470,"madison, adams",snow,2018-11-24,328,NH,0,2018-11-24
38472,"madison, adams",snow snow snow snow ice snow ice,2018-11-24,328,NH,0,2018-11-24
38498,"madison, adams",snow,2018-11-24,328,NH,0,2018-11-24
38563,"adams, madison",snow snow,2018-12-01,335,NH,0,2018-12-01
38607,"madison, adams",snow snow,2018-12-01,335,NH,0,2018-12-01
38899,"adams, madison",ice snow snow snow ice snow snow ice snow ice,2018-12-20,354,NH,0,2018-12-20
38931,"madison, adams, jefferson, washington, monroe, eisenhower, pierce",ice snow ice snow ice,2018-12-23,357,NH,0,2018-12-23
38943,"madison, adams",snow ice snow ice,2018-12-23,357,NH,0,2018-12-23
38957,adams,snow ice snow ice,2018-12-23,357,NH,0,2018-12-23
39112,"madison, adams",snow snow ice snow ice snow ice,2018-12-30,364,NH,0,2018-12-30
39114,"adams, madison",snow snow snow ice,2018-12-30,364,NH,0,2018-12-30
39147,"madison, adams",ice snow ice snow ice snow ice snow ice,2018-12-30,364,NH,0,2018-12-30
39148,"adams, madison",ice snow ice,2018-12-31,365,NH,0,2018-12-31
39233,adams,snow ice snow ice,2019-01-05,5,NH,0,2019-01-05
39255,"madison, adams, jefferson, washington, monroe, franklin, eisenhower, pierce",wet ice snow snow snow snow ice snow snow ice,2019-01-05,5,NH,0,2019-01-05
39625,"madison, adams",ice snow snow snow ice snow,2019-01-28,28,NH,0,2019-01-28
39726,adams,snow snow ice,2019-02-03,34,NH,0,2019-02-03
39731,john quincy adams,snow snow snow,2019-02-03,34,NH,0,2019-02-03
39977,adams,ice ice snow snow snow ice,2019-02-17,48,NH,0,2019-02-17
40008,"madison, adams, jefferson, washington, monroe, eisenhower, pierce, jackson",ice ice snow snow snow,2019-02-17,48,NH,0,2019-02-17
40101,"adams, madison",ice snow ice snow ice snow ice,2019-02-23,54,NH,0,2019-02-23
40128,"madison, adams",snow ice snow snow ice snow ice,2019-02-23,54,NH,0,2019-02-23
40185,"adams, madison",ice snow snow snow,2019-03-01,60,NH,0,2019-03-01
40186,adams,snow snow snow,2019-03-01,60,NH,0,2019-03-01
40357,adams,ice ice snow ice snow ice snow ice,2019-03-09,68,NH,0,2019-03-09
40431,adams,snow snow snow,2019-03-13,72,NH,0,2019-03-13
40554,"madison, adams",ice snow snow ice snow ice,2019-03-19,78,NH,0,2019-03-19
40556,"madison, adams",snow snow ice snow ice,2019-03-19,78,NH,0,2019-03-19
40574,adams,ice snow snow ice slush,2019-03-20,79,NH,0,2019-03-20
40864,"adams, madison",snow snow ice,2019-04-07,97,NH,0,2019-04-07
40893,"madison, adams",snow snow ice snow snow ice,2019-04-11,101,NH,0,2019-04-11
41007,adams,wet snow ice snow snow ice,2019-04-15,105,NH,0,2019-04-15
41030,"madison, adams",snow ice snow,2019-04-17,107,NH,0,2019-04-17
41146,adams,wet wet slush,2019-04-23,113,NH,1,2019-04-23
41247,adams,dry snow wet snow snow ice snow ice,2019-04-29,119,NH,0,2019-04-29
41350,"adams, madison",snow ice snow ice snow ice,2019-05-05,125,NH,0,2019-05-05
41459,"adams, madison",dry ice wet snow ice mud snow ice snow snow ice,2019-05-11,131,NH,0,2019-05-11
41469,"adams, madison",dry wet wet snow snow ice,2019-05-12,132,NH,0,2019-05-12
41611,"madison, adams, jefferson, washington, monroe, eisenhower, pierce",dry wet snow ice mud snow ice snow snow ice,2019-05-18,138,NH,0,2019-05-18
41728,"adams, madison",dry wet wet mud snow ice,2019-05-25,145,NH,0,2019-05-25
41751,"madison, adams, jefferson",dry wet wet snow ice snow snow ice,2019-05-25,145,NH,0,2019-05-25
41757,"adams, madison",dry snow wet wet snow ice mud snow ice snow snow ice slush snow ice,2019-05-25,145,NH,0,2019-05-25
41790,"adams, madison",dry wet wet snow ice,2019-05-26,146,NH,0,2019-05-26
41803,"adams, madison",dry wet mud snow ice,2019-05-27,147,NH,0,2019-05-27
41896,adams,dry wet wet mud snow ice,2019-05-30,150,NH,0,2019-05-30
41958,"madison, adams, jefferson, clay, washington, monroe, franklin, eisenhower, pierce",dry wet wet snow,2019-06-01,152,NH,0,2019-06-01
41990,"adams, madison",dry wet mud snow ice,2019-06-02,153,NH,0,2019-06-02
42032,"adams, madison",dry wet,2019-06-04,155,NH,1,2019-06-04
42088,"madison, adams, jefferson",dry wet snow,2019-06-08,159,NH,0,2019-06-08
